[
  {
    "tableSpecifier": {
      "dataColumnIndex": 0,
      "dataRowIndex": 1,
      "headerRowIndex": 0
    },
    "type": "Table",
    "valueType": "None",
    "name": "iconKeywordsInputTable"
  },
  {
    "type": "Value",
    "value": "IconKeyValue",
    "valueType": "Text",
    "referenceOnly": true,
    "name": "iconColumnIconKeyValueName"
  },
  {
    "type": "Value",
    "value": "Keywords",
    "valueType": "Text",
    "referenceOnly": true,
    "name": "iconColumnKeywordsName"
  },
  {
    "type": "TableIterator",
    "TargetName": "iconKeywordsInputTable",
    "name": "iconKeywordsTableIterator"
  },
  {
    "type": "Value",
    "valueType": "Text",
    "name": "iconKeyValue"
  },
  {
    "type": "Value",
    "valueType": "Text",
    "name": "iconKeywords"
  },
  {
    "type": "VariableBag",
    "valueType": "None",
    "values": [],
    "name": "iconArtifacts"
  }
]