[
  {
    "method": "LoadTable",
    "params": {
      "relativePath": "_DataFilePath_",
      "rootPath": "_RootPath_"
    },
    "variable": "iconKeywordsInputTable"
  },
  {
    "transforms": [
      {
        "method": "Copy",
        "params": {
          "from": "_LibraryKey_"
        },
        "variable": "_IconData_LibraryKey_"
      },
      {
        "method": "Copy",
        "params": {
          "from": "_IconTypeKey_"
        },
        "variable": "_IconData_TypeKey_"
      },
      {
        "method": "GetColumnValue",
        "params": {
          "columnName": "iconColumnIconKeyValueName",
          "iterator": "iconKeywordsTableIterator"
        },
        "variable": "iconKeyValue"
      },
      {
        "method": "GetHashKey",
        "notes": "The icon Key is derived from the uppercase unicode value.",
        "params": {
          "from": "iconKeyValue"
        },
        "variable": "_IconData_Key_"
      },
      {
        "method": "UpdateVariablesTable",
        "params": {
          "variables": "_IconDataVariables_"
        },
        "variable": "_IconData_"
      },
      {
        "method": "Clear",
        "variable": "iconArtifacts"
      },
      {
        "method": "GetColumnValue",
        "params": {
          "columnName": "iconColumnKeywordsName",
          "iterator": "iconKeywordsTableIterator"
        },
        "variable": "iconKeywords"
      },
      {
        "method": "AddToVariableBag",
        "params": {
          "value": "iconKeywords"
        },
        "variable": "iconArtifacts"
      },
      {
        "method": "AddNameValuePairsToAssociationTable",
        "params": {
          "key": "_IconData_Key_",
          "values": "iconArtifacts",
          "keyColumn": "_IconArtifactData_IconKey_",
          "namesColumn": "_IconArtifactData_Name_",
          "valuesColumn": "_IconArtifactData_Value_"
        },
        "variable": "_IconArtifactData_"
      }
    ],
    "method": "ForEachRow",
    "variable": "iconKeywordsTableIterator"
  }
]